<?xml version="1.0" encoding="UTF-8"?>
<beans xmlns="http://www.springframework.org/schema/beans"
	xmlns:xsi="http://www.w3.org/2001/XMLSchema-instance"
	xmlns:security="http://www.springframework.org/schema/security"
	xmlns:util="http://www.springframework.org/schema/util"
	xmlns:context="http://www.springframework.org/schema/context"
	xsi:schemaLocation="http://www.springframework.org/schema/security http://www.springframework.org/schema/security/spring-security-4.0.xsd
		http://www.springframework.org/schema/beans http://www.springframework.org/schema/beans/spring-beans-4.2.xsd
		http://www.springframework.org/schema/context http://www.springframework.org/schema/context/spring-context-4.2.xsd
		http://www.springframework.org/schema/util http://www.springframework.org/schema/util/spring-util-4.2.xsd">


<context:property-placeholder location="classpath:github/sawied/jwt/security/security-rest-configuration.properties"/>

<context:annotation-config/>

<bean id="cookieFilter" class="com.github.sawied.security.rest.JwtAuthenticationCookieFilter"></bean>

<bean id="remoteAuthService" class="com.github.sawied.security.rest.RemoteAuthenticationService"></bean>

<bean id="tokenUtil" class="com.github.sawied.security.rest.AgentTokenUtil"></bean>

<bean id="agentAuthenticationSuccessHandler" class="com.github.sawied.security.rest.AgentAuthenticationSuccessHandler"></bean>

<bean id="objectMapper" class="com.fasterxml.jackson.databind.ObjectMapper"></bean>

<bean id="deviceResolverRequestFilter" class="org.springframework.mobile.device.DeviceResolverRequestFilter">
<constructor-arg>
<bean class="org.springframework.mobile.device.LiteDeviceResolver"></bean>
</constructor-arg>
</bean>

<security:debug/>

<security:http create-session="stateless" use-expressions="true">
	<security:form-login login-page="/logon.html" 
		authentication-failure-url="/logon.html?logonerror=true"
		authentication-success-handler-ref="agentAuthenticationSuccessHandler" />
	<security:logout delete-cookies="true"
		logout-success-url="/logout.html" />
	<security:headers>
		<security:cache-control disabled="true" />
	</security:headers>
	
	<security:csrf disabled="true"/>

	<security:intercept-url pattern="/logon.html*" access="permitAll" />
	<security:intercept-url pattern="/**"
		access="hasRole('USER')" />
	<security:custom-filter ref="deviceResolverRequestFilter" before="FIRST"/>
	<security:custom-filter ref="cookieFilter"  before="FORM_LOGIN_FILTER"/>
		
</security:http>


<security:authentication-manager alias="restAuth">
	<security:authentication-provider ref="remoteAuthService"></security:authentication-provider>
</security:authentication-manager>
 

</beans>
