<?xml version="1.0" encoding="UTF-8"?>
<beans xmlns="http://www.springframework.org/schema/beans"
	xmlns:xsi="http://www.w3.org/2001/XMLSchema-instance"
	xmlns:context="http://www.springframework.org/schema/context"
	xmlns:util="http://www.springframework.org/schema/util"
	xmlns:security="http://www.springframework.org/schema/security"
	xsi:schemaLocation="http://www.springframework.org/schema/security http://www.springframework.org/schema/security/spring-security-4.0.xsd
		http://www.springframework.org/schema/beans http://www.springframework.org/schema/beans/spring-beans-4.1.xsd
		http://www.springframework.org/schema/context http://www.springframework.org/schema/context/spring-context-4.1.xsd
		http://www.springframework.org/schema/util http://www.springframework.org/schema/util/spring-util-4.1.xsd">



	<context:property-placeholder location="classpath:github/sawied/jwt/security/keystore.properties"/>
	
	<bean id="sipherer" class="com.github.sawied.security.jwt.TDESCipherer">
		<property name="keystoreResource" value="classpath:github/sawied/jwt/security/keystore-3DES.jks"></property>
	</bean>
	
	<bean id="unauthorizedHandler" class="com.github.sawied.security.jwt.JwtAuthenticationEntryPoint"></bean>
	
	<security:http auto-config="true" create-session="stateless" entry-point-ref="unauthorizedHandler"
		request-matcher="ant">
		<security:csrf disabled="true" />
	</security:http>

	
	<bean id="securityKeyAuthenticationProvider" class="com.github.sawied.security.jwt.TDESSecurityKeyAuthenticationProvider">
	</bean>

	<security:authentication-manager alias="authentication">
		<security:authentication-provider ref="securityKeyAuthenticationProvider" >
		</security:authentication-provider>
	</security:authentication-manager>
</beans>
